,overlapping.F1.mean,overlapping.F1.sd,overlapping.F1v.mean,overlapping.F1v.sd,overlapping.F2.mean,overlapping.F2.sd,overlapping.F3.mean,overlapping.F3.sd,overlapping.F4.mean,overlapping.F4.sd,neighborhood.N1,neighborhood.N2.mean,neighborhood.N2.sd,neighborhood.N3.mean,neighborhood.N3.sd,neighborhood.N4.mean,neighborhood.N4.sd,neighborhood.T1.mean,neighborhood.T1.sd,neighborhood.LSC,linearity.L1.mean,linearity.L1.sd,linearity.L2.mean,linearity.L2.sd,linearity.L3.mean,linearity.L3.sd,dimensionality.T2,dimensionality.T3,dimensionality.T4,balance.C1,balance.C2,network.Density,network.ClsCoef,network.Hubs.mean,network.Hubs.sd
shuttle-2_vs_5,0.9260980609845533,0.169095315681696,0.0070559791441731825,,0.0,,0.0,,0.0,,0.0006031363088057901,0.003516244348052125,0.019878313161254418,0.0,0.0,0.0,0.0,0.11111111111111112,0.32634133806935056,0.33119458821577874,0.0,,0.0,,0.0,,0.0027141133896260556,0.0006031363088057901,0.2222222222222222,0.11101102729014203,0.970009807328613,0.8253601078549635,0.21083606212810946,0.9750505740348031,0.05534519071364254
poker-8-9_vs_6,0.9995565926596466,0.0007416822588876911,0.8333366349379686,,1.0,,1.0,,1.0,,0.00808080808080808,0.2726245004151101,0.06953640688185028,0.00202020202020202,0.044916359780929956,0.014814814814814815,0.12085185645634408,0.007633587786259542,0.017371129243534046,0.9343250688705234,0.01655636839870034,,0.01683501683501687,,0.012794612794612803,,0.006734006734006734,0.0047138047138047135,0.7,0.12328069767820073,0.9657634630491623,0.8247715247715248,0.5992353588432864,0.4171103510788773,0.10536366423807617
shuttle-6_vs_2-3,0.8961379989779857,0.27573187218191153,0.008485533285785607,,0.0,,0.0,,0.0,,0.017391304347826087,0.04271280203383954,0.08428575320812728,0.008695652173913044,0.09304665439271644,0.004347826086956522,0.0659380473395787,0.1,0.17330812671161447,0.6460113421550094,0.0,,0.0,,0.0,,0.0391304347826087,0.004347826086956522,0.1111111111111111,0.2580186686648155,0.9092783505154639,0.8230112018226694,0.2681284997345461,0.7808565470657383,0.2841264807015324
winequality-white-3-9_vs_5,0.9962254063404286,0.005585932136663104,0.22902359878264578,,0.005786918719310713,,0.752361673414305,,0.6093117408906883,,0.037786774628879895,0.18413693079458984,0.16943245752335143,0.021592442645074223,0.1453976406028708,0.010796221322537112,0.10337733815387601,0.007352941176470588,0.0256217197870115,0.912220146025814,0.016588082198793375,,0.01686909581646423,,0.012145748987854255,,0.007422402159244264,0.001349527665317139,0.18181818181818182,0.1234806190316348,0.965693010604321,0.8004968011364827,0.4946764005295373,0.45553063958555196,0.13034236212931746
poker-8_vs_6,0.9998558467663594,0.00011343852689197372,0.8213955248522297,,0.5835262345679012,,0.8300609343263372,,0.6648612051455653,,0.009478672985781991,0.2705485844209115,0.06892982965656638,0.002708192281651997,0.0519873814092899,0.018957345971563982,0.1364205455661718,0.008064516129032258,0.018718563155130315,0.92978090137697,0.011378787892556752,,0.011509817197021044,,0.012186865267433955,,0.006770480704129994,0.004739336492890996,0.7,0.09064385836016513,0.9767154856561482,0.8232849491663502,0.599561509525468,0.4093651644835566,0.09693899395868295
winequality-red-3_vs_5,0.9931935364568428,0.013272873488207663,0.14944240012804924,,0.00011964580393539839,,0.5224312590448625,,0.12156295224312591,,0.030390738060781478,0.19243106434537124,0.15605481827774054,0.02170767004341534,0.14583286517199606,0.005788712011577424,0.07591800641800078,0.02040816326530612,0.07507228328532287,0.7912628984189947,0.014260572934472804,,0.01447178002894356,,0.01157742402315487,,0.015918958031837915,0.001447178002894356,0.09090909090909091,0.10915801647350587,0.9706377557069898,0.7992910925145242,0.4940472878880475,0.595872588307792,0.179713077878971
winequality-white-9_vs_4,0.9811391661637293,0.031179818768514087,0.10430215550237389,,6.422960479109536e-07,,0.19047619047619047,,0.0,,0.06547619047619048,0.2622378915668705,0.14435100055871614,0.041666666666666664,0.2004237028862672,0.011904761904761904,0.10878178112777981,0.045454545454545456,0.11679480466240114,0.7057468820861679,0.0013202660720991188,,0.005952380952380931,,0.0,,0.06547619047619048,0.011904761904761904,0.18181818181818182,0.1931964131710076,0.9387079792434384,0.8098089535215284,0.5179248000354508,0.4139567316947104,0.19813023951153066
dermatology-6,0.9092647077005748,0.2291710570051336,0.0041474267305830525,,0.0,,0.011173184357541888,,0.0,,0.00558659217877095,0.22691086328673243,0.07530909542513599,0.0,0.0,0.0,0.0,0.06666666666666667,0.13733437487516215,0.6469601448144564,0.0,,0.0,,0.0,,0.09497206703910614,0.008379888268156424,0.08823529411764706,0.310810717596308,0.8820697114545899,0.8225904887094503,0.33909557116930467,0.7335543885882075,0.32594021135445433
winequality-white-3_vs_7,0.9845951151960204,0.013505779678373618,0.14172840985166724,,0.0017722838034033123,,0.6455555555555555,,0.3333333333333333,,0.04111111111111111,0.1881838742221814,0.16878606791372275,0.021111111111111112,0.1438346941153093,0.011111111111111112,0.10488029560352641,0.011363636363636364,0.041389834654601734,0.8570753086419753,0.021411274483505438,,0.01777777777777778,,0.026666666666666616,,0.012222222222222223,0.0022222222222222222,0.18181818181818182,0.15374218032876188,0.9545689210118741,0.8063576813743666,0.49685720213493023,0.4675082892091751,0.15416037177556519
winequality-red-8_vs_6,0.9910528392058389,0.013940528723408929,0.23671376236003525,,0.00045723237972754375,,0.5472560975609756,,0.17835365853658536,,0.0625,0.21845285680861884,0.176144712070209,0.03048780487804878,0.17205646109707828,0.027439024390243903,0.16348353588452347,0.010752688172043012,0.05265523666122238,0.8178702223378941,0.026706032501036092,,0.027439024390243927,,0.03201219512195119,,0.01676829268292683,0.003048780487804878,0.18181818181818182,0.18138142899621135,0.9436185463757585,0.8087088065537144,0.4826777658575302,0.6220137529175523,0.12454050325765406
poker-9_vs_7,0.9874190804392231,0.01217605028524278,0.16890177676828272,,0.9166666666666666,,0.8975409836065573,,0.8975409836065574,,0.03278688524590164,0.2407815702406136,0.07968732508790605,0.012295081967213115,0.11042593842457481,0.0,0.0,0.034482758620689655,0.09099519174149556,0.6223293469497446,0.03679682251859406,,0.016393442622950838,,0.008196721311475419,,0.040983606557377046,0.028688524590163935,0.7,0.20818094555717104,0.9322812051649928,0.8316467651622479,0.5591040067506341,0.2856034306505419,0.15282817105458843
winequality-red-8_vs_6-7,0.9951494132342852,0.007740340497261479,0.3137508378252808,,0.00020328918567795727,,0.6046783625730994,,0.2,,0.05730994152046784,0.21950800916497779,0.17756995694071462,0.028070175438596492,0.16527004298151568,0.017543859649122806,0.13136306707967735,0.00980392156862745,0.049368145902318854,0.8586997708696693,0.020618859170871806,,0.021052631578947323,,0.024561403508771895,,0.012865497076023392,0.0023391812865497076,0.18181818181818182,0.1473106669304539,0.9570091297815786,0.8088883410712574,0.46272475379703115,0.6100843004940544,0.11105709375651472
poker-8-9_vs_5,0.9996474230028076,0.0005667666375583015,0.7001271214715413,,1.0,,1.0,,1.0,,0.03132530120481928,0.24548695586365832,0.09835270405099794,0.019759036144578312,0.13920472480812784,0.018313253012048194,0.13411392914645506,0.01,0.02169971080891868,0.9650766148933082,0.011904956251129195,,0.012048192771084376,,0.014457831325301207,,0.004819277108433735,0.002891566265060241,0.6,0.09408443883267346,0.9756133828996283,0.8384199091447758,0.2892391374704095,0.7595458082550459,0.29715769846203477
winequality-red-4,0.9943521767619812,0.008391729816036819,0.43287113024150964,,0.01482731472747521,,0.949343339587242,,0.717948717948718,,0.08380237648530331,0.23796121025981423,0.18442947436004042,0.05378361475922452,0.22566077237066556,0.02564102564102564,0.15811134594042447,0.0035087719298245615,0.011154031141957621,0.9645823042153066,0.032083884623412606,,0.03314571607254535,,0.036898061288305195,,0.0068792995622263915,0.0012507817385866166,0.18181818181818182,0.20993006978448242,0.9315164495335206,0.808906693091192,0.48289138385940256,0.6256971294367966,0.14248645345072
ecoli-0-6-7_vs_5,0.9161401837959552,0.09373815078934745,0.11337948634513283,,0.24680851794153952,,0.8818181818181818,,0.14545454545454545,,0.07727272727272727,0.2410013078364529,0.13510449980133102,0.04090909090909091,0.19853134486560794,0.004545454545454545,0.06741998624632421,0.034482758620689655,0.12365878593337912,0.6638636363636363,0.03158922173028478,,0.022727272727272707,,0.027272727272727226,,0.02727272727272727,0.022727272727272728,0.8333333333333334,0.43949698692151334,0.801980198019802,0.8108758821087588,0.47012643424748135,0.6960143824904611,0.17933680157280435
ecoli-0-1_vs_5,0.9010770221827423,0.08234535640703694,0.07874019279083172,,0.14501236917713475,,0.6833333333333333,,0.1,,0.05416666666666667,0.2109312763294462,0.11509807092663767,0.029166666666666667,0.16862517336816857,0.008333333333333333,0.0910959155497467,0.0625,0.16236818015216503,0.6407986111111111,0.02203565338788227,,0.02083333333333337,,0.02083333333333337,,0.025,0.020833333333333332,0.8333333333333334,0.4138168503036338,0.819672131147541,0.8065899581589958,0.46163287086446103,0.6417581957229033,0.16613336611858895
ecoli-0-1-4-7_vs_2-3-5-6,0.9281689152096486,0.06326733269411025,0.10059579449247073,,0.0,,0.8928571428571429,,0.6845238095238095,,0.07738095238095238,0.26356866455434025,0.13095979261458296,0.047619047619047616,0.21327646718989113,0.008928571428571428,0.09420863296174219,0.02040816326530612,0.07248770404892269,0.8147587159863946,0.04119602345196849,,0.029761904761904767,,0.029761904761904767,,0.020833333333333332,0.01488095238095238,0.7142857142857143,0.424030022816425,0.8127458197497108,0.8174484719260838,0.434458819816977,0.5825598940551665,0.17044406356944597
ecoli-0-1_vs_2-3-5,0.9116471518193507,0.06469693554620214,0.08720883322591165,,0.0,,0.860655737704918,,0.610655737704918,,0.0778688524590164,0.24648120526290754,0.13720427525100024,0.04918032786885246,0.21668885038926122,0.012295081967213115,0.11042593842457481,0.038461538461538464,0.12203526285067672,0.709016393442623,0.029786895829286286,,0.03688524590163933,,0.024590163934426257,,0.028688524590163935,0.020491803278688523,0.7142857142857143,0.46377734988775166,0.7843841881737994,0.813398097551103,0.46208211680798117,0.6468765459583953,0.16130755125453033
yeast-0-2-5-6_vs_3-7-8-9,0.950955896830612,0.05427169837707845,0.19706183580594752,,0.04947712596881344,,0.9252988047808764,,0.8456175298804781,,0.1254980079681275,0.33947093394439204,0.130200720624106,0.06872509960159362,0.25311217042063566,0.06673306772908366,0.2496835174485791,0.00425531914893617,0.01028445279768374,0.9772434167711623,0.06325524559104811,,0.07071713147410363,,0.08565737051792832,,0.00796812749003984,0.0069721115537848604,0.875,0.4645597301746314,0.7838026316741995,0.8187826957374887,0.5066140348499026,0.7799142700722308,0.10973112590739352
ecoli-0-1-4-6_vs_5,0.9276991519773256,0.06732609123726774,0.10079641750995319,,0.14717673289619648,,0.6178571428571429,,0.039285714285714285,,0.04285714285714286,0.20664728800994134,0.11035016414800718,0.02142857142857143,0.14506738727570184,0.010714285714285714,0.10313816363873812,0.06666666666666667,0.16387296568503942,0.6948469387755102,0.024340023946048395,,0.025000000000000022,,0.021428571428571463,,0.02142857142857143,0.017857142857142856,0.8333333333333334,0.37123232664087563,0.8470588235294118,0.8061699948796723,0.44109920251490553,0.6009001309582933,0.18928865468552797
ecoli-0-6-7_vs_3-5,0.9277910315609312,0.06339668498803233,0.12306369826957933,,0.0,,0.8918918918918919,,0.6621621621621622,,0.08558558558558559,0.24375726275548532,0.13730462639761903,0.04054054054054054,0.19766893954601203,0.018018018018018018,0.1333170264374938,0.0303030303030303,0.11510349223411773,0.6715769823877932,0.03820214786651743,,0.03153153153153154,,0.018018018018018056,,0.03153153153153153,0.02252252252252252,0.7142857142857143,0.46613328272413534,0.7826301748839047,0.8142758142758143,0.4703994242533286,0.6737396770372364,0.18483777745743404
yeast-0-2-5-7-9_vs_3-6-8,0.9248111324565161,0.10848687769067855,0.11162701138393004,,0.0,,0.9233067729083665,,0.795816733067729,,0.07470119521912351,0.299408122448848,0.12176023019024347,0.04282868525896414,0.20257161882062777,0.0348605577689243,0.18351796627646272,0.006944444444444444,0.024661446299890914,0.9486168870335392,0.04428516189562137,,0.027888446215139417,,0.0239043824701195,,0.00796812749003984,0.0069721115537848604,0.875,0.4645597301746314,0.7838026316741995,0.8131740237454965,0.5035841112209534,0.7656688530758735,0.11108773237536024
ecoli-0-3-4-7_vs_5-6,0.9232573232738773,0.06577697394108552,0.09895127601183171,,0.0,,0.8093385214007782,,0.20622568093385213,,0.07392996108949416,0.24017961467507576,0.13062008352330437,0.038910505836575876,0.1937590213790283,0.011673151750972763,0.10761949290401943,0.03125,0.10416189757447959,0.7370891307968326,0.03579201067482296,,0.023346303501945553,,0.01945525291828798,,0.027237354085603113,0.019455252918287938,0.7142857142857143,0.4603016090617192,0.7869566015904792,0.8150839007782101,0.4662636456746022,0.7420789960319195,0.16289514554701004
glass-0-1-5_vs_2,0.9945971347234833,0.004495462459519376,0.3393146352321892,,6.7520498814411685e-06,,0.5290697674418605,,0.20348837209302326,,0.19767441860465115,0.360801834024122,0.13479248475259548,0.12209302325581395,0.32834910917330057,0.09883720930232558,0.2993146893918401,0.016666666666666666,0.027509709041878518,0.9371957815035155,0.08993320808111138,,0.09883720930232553,,0.11627906976744184,,0.05232558139534884,0.023255813953488372,0.4444444444444444,0.4652987598255712,0.7832524471497903,0.8267373861009112,0.4675315315315315,0.8593199647570451,0.19646394824783214
ecoli-0-1-4-7_vs_5-6,0.919899475638096,0.05595377455242447,0.0927067343436431,,0.16856015631184046,,0.6686746987951807,,0.10542168674698796,,0.0572289156626506,0.22716232498857505,0.12117365995290967,0.030120481927710843,0.17117679753479603,0.006024096385542169,0.07749772060245891,0.030303030303030304,0.10749873880275464,0.7539465089272753,0.027523005098864406,,0.02108433734939763,,0.012048192771084376,,0.018072289156626505,0.015060240963855422,0.8333333333333334,0.3854023160667646,0.8382064633092312,0.8156007716667273,0.43615115046015474,0.5780654185326345,0.17512737755142926
glass-0-1-4-6_vs_2,0.9913850902112267,0.01028741667392597,0.3699616514153492,,8.337865237144499e-07,,0.5463414634146342,,0.17073170731707318,,0.18536585365853658,0.32573027685712774,0.14892408128998516,0.11219512195121951,0.31637896266234844,0.04390243902439024,0.20537958698206588,0.017857142857142856,0.03828881911066352,0.9157882212968471,0.07656967900102063,,0.08292682926829265,,0.08292682926829265,,0.04390243902439024,0.01951219512195122,0.4444444444444444,0.4124090145461699,0.8206157213818651,0.8196556671449068,0.4607683121019108,0.8306577704887805,0.1922099676064833
ecoli-0-2-3-4_vs_5,0.9106277850906742,0.10463809928321198,0.09032903075004708,,0.0,,0.7722772277227723,,0.44554455445544555,,0.06435643564356436,0.21610293493755428,0.12409064199547587,0.034653465346534656,0.18335493869854055,0.019801980198019802,0.13966541538536223,0.05555555555555556,0.1595272200725136,0.6367267914910303,0.036622230997691685,,0.024752475247524774,,0.00990099009900991,,0.034653465346534656,0.024752475247524754,0.7142857142857143,0.4658491737720424,0.7828421429423696,0.8106004630313778,0.47134847595619545,0.8009718126142784,0.15136504587559793
ecoli-0-2-6-7_vs_3-5,0.9291580325770027,0.06274120148037166,0.1250065943554684,,0.0,,0.8928571428571429,,0.6607142857142857,,0.08482142857142858,0.24587584057106646,0.1369698771956218,0.03571428571428571,0.1859924984538405,0.008928571428571428,0.09427901670929753,0.02857142857142857,0.11083345274193473,0.6803053252551021,0.040718867685298976,,0.022321428571428603,,0.022321428571428603,,0.03125,0.022321428571428572,0.7142857142857143,0.4633093188170546,0.784731641154815,0.8153026905829597,0.473199013391043,0.6884835129047765,0.19050360591860221
glass-0-4_vs_5,0.9254677958917036,0.10920612920542871,0.05736859385080895,,0.0,,0.10869565217391308,,0.0,,0.08695652173913043,0.19889862921866272,0.13017607493566896,0.03260869565217391,0.17858337274913308,0.021739130434782608,0.14662959759729016,0.06666666666666667,0.14640038348219553,0.6290170132325141,0.005011328769793599,,0.010869565217391353,,0.0,,0.09782608695652174,0.043478260869565216,0.4444444444444444,0.4620663276355393,0.7856527977044476,0.8198757763975155,0.4307344632768362,0.8671919073365342,0.2213569425274287
ecoli-0-4-6_vs_5,0.8985031100262246,0.10665158471093872,0.09695672136828662,,0.17914438502673802,,0.7783251231527093,,0.4433497536945813,,0.07389162561576355,0.2119336490332992,0.11923523801936124,0.029556650246305417,0.169779415691903,0.009852216748768473,0.09901233962757897,0.06666666666666667,0.17264352510821687,0.6412191511563008,0.0323908277895848,,0.019704433497536922,,0.019704433497536922,,0.029556650246305417,0.024630541871921183,0.8333333333333334,0.4642933935214963,0.7840007081943994,0.8127103350729161,0.4746137141641269,0.7255326141182032,0.20050535740355252
glass-0-6_vs_5,0.957967446449595,0.03711942797121333,0.11314559475136557,,0.0,,0.2407407407407407,,0.0,,0.06481481481481481,0.18909951731097555,0.11689064122486137,0.027777777777777776,0.1651016867817926,0.018518518518518517,0.13544536999096835,0.0625,0.12150462742462406,0.6768689986282579,0.0,,0.0,,0.0,,0.08333333333333333,0.037037037037037035,0.4444444444444444,0.4138168503036338,0.819672131147541,0.8080650744202146,0.34719128928483045,0.803319449905191,0.24210254273552984
ecoli-0-3-4-6_vs_5,0.9144402636539374,0.10347826115346936,0.09745442058006756,,0.0,,0.775609756097561,,0.05853658536585366,,0.07317073170731707,0.21376940062509783,0.12012328091828757,0.02926829268292683,0.16897021207345753,0.014634146341463415,0.12037721677505213,0.0625,0.16578878453840895,0.6479238548483046,0.032079016213975575,,0.019512195121951237,,0.019512195121951237,,0.03414634146341464,0.024390243902439025,0.7142857142857143,0.4612160405139095,0.7862815884476535,0.8138689622190339,0.4767887209280811,0.8182658469804803,0.152488004860401
yeast-0-3-5-9_vs_7-8,0.9734647965388532,0.05180567067738729,0.25327918253050896,,0.0,,0.8636363636363636,,0.7114624505928854,,0.1857707509881423,0.36466596001805096,0.11295426081075188,0.12648221343873517,0.3327209705405826,0.07707509881422925,0.2669745089112555,0.005917159763313609,0.014406134519479011,0.9604079113874612,0.07529369051018875,,0.08300395256916993,,0.09090909090909094,,0.015810276679841896,0.011857707509881422,0.75,0.4652254799356966,0.7833070387196107,0.831237036747153,0.43641280732461585,0.7484034865143397,0.15562469913467747
led7digit-0-2-4-5-6-7-8-9_vs_1,0.9132893284533014,0.06743758535328392,0.1301734498609699,,1.0,,1.0,,1.0,,0.0744920993227991,0.04818262411347518,0.16926098466529738,0.06320541760722348,0.24360716981085104,0.060948081264108354,0.23950553232290575,0.008956528071069685,0.06878996829710264,0.7943123277061285,0.043196795943699184,,0.036117381489842004,,0.033860045146726914,,0.01580135440180587,0.01580135440180587,1.0,0.4144672747729581,0.8192352817303932,0.8661634474939481,0.7940861889224353,0.690625745547306,0.20255962831662844
ecoli-0-3-4_vs_5,0.9091969419922037,0.1058372346340326,0.08917534032451657,,0.0,,0.775,,0.06,,0.075,0.21532105085790612,0.12300446380571815,0.035,0.18424093903932007,0.01,0.09974842727441166,0.06249999999999999,0.17036235890986404,0.631175,0.03439096174093925,,0.020000000000000018,,0.025000000000000022,,0.035,0.025,0.7142857142857143,0.46899559358928117,0.7804878048780488,0.8084924623115578,0.47215581670399354,0.8020921304819502,0.15803977426729707
yeast-2_vs_4,0.913286339306206,0.11869645277564209,0.11720752335288692,,0.0,,0.8754863813229572,,0.6167315175097277,,0.07782101167315175,0.2757521124826949,0.13750725002412903,0.042801556420233464,0.20260662852803893,0.017509727626459144,0.13128850461921576,0.012345679012345678,0.06063531669751203,0.8654294538902936,0.0386884154137922,,0.040856031128404635,,0.02529182879377434,,0.01556420233463035,0.011673151750972763,0.75,0.4665238606918631,0.7823385721528322,0.8043249065161824,0.5213463599245804,0.8261424319286617,0.12168103590790426
yeast-2_vs_8,0.9338845539993501,0.17707302218644244,0.03743902047569713,,0.0,,0.8360995850622407,,0.529045643153527,,0.043568464730290454,0.27616453677450714,0.1329511572861125,0.029045643153526972,0.16810896993021882,0.008298755186721992,0.09081297153415376,0.020833333333333332,0.05260264065629874,0.9025283655584443,0.02032545430152144,,0.020746887966805017,,0.03319502074688796,,0.016597510373443983,0.014522821576763486,0.875,0.24909967018853862,0.9135818634144517,0.7969824276878219,0.5254493176578274,0.8208397731836076,0.11536825783688945
shuttle-c0-vs-c4,0.7690270969717021,0.28172350536649005,0.00528800654601656,,0.0,,0.0,,0.0,,0.002186987424822307,0.006766725608858918,0.01764037756104137,0.0005467468562055768,0.023382618677247783,0.0,0.0,0.16666666666666666,0.3722109348970588,0.15071619653113189,0.0,,0.0,,0.0,,0.004920721705850191,0.002186987424822307,0.4444444444444444,0.35557583925351166,0.8565487350306693,0.8268487401492846,0.32409852532209804,0.8543537317638026,0.23770193005902437
glass-0-1-6_vs_5,0.967226389711459,0.038834470418340365,0.128161620577485,,0.0,,0.15760869565217395,,0.0,,0.07065217391304347,0.19242993080539825,0.126090004117928,0.03260869565217391,0.17809477163447354,0.03804347826086957,0.19182322879353136,0.049999999999999996,0.13652132008855802,0.5980328449905482,0.0015229610069875665,,0.010869565217391353,,0.0,,0.04891304347826087,0.021739130434782608,0.4444444444444444,0.2817615778850653,0.8974141861525434,0.8078522214302685,0.44141298802264284,0.854264569410224,0.16153841762110405
yeast-1_vs_7,0.9755522368475824,0.02188649879383959,0.27836369672197725,,0.0,,0.7734204793028323,,0.4684095860566449,,0.12418300653594772,0.35575976972934786,0.10922107500186781,0.07407407407407407,0.2621771521888821,0.037037037037037035,0.18905863309442805,0.009009009009009009,0.030958133143747624,0.9389930748382626,0.06134104712730637,,0.065359477124183,,0.05228758169934644,,0.015250544662309368,0.013071895424836602,0.8571428571428571,0.34836246943655175,0.8608204778821353,0.8129786606539753,0.5373940339706589,0.6135714807603802,0.13902746153954232
yeast6,0.9792135091488154,0.032287417241742035,0.14693424267452818,,0.0,,0.7459568733153639,,0.330188679245283,,0.04380053908355795,0.25804359972624774,0.11205796641875655,0.028975741239892182,0.16779487510766508,0.01078167115902965,0.10330836615445063,0.009615384615384616,0.047955374256245235,0.8816663457835965,0.023037357206430076,,0.02358490566037741,,0.02088948787061995,,0.005390835579514825,0.0047169811320754715,0.875,0.16112120608774108,0.9517189905303913,0.7959425147175627,0.5186774625193113,0.6466635358320714,0.10509718230468754
yeast-1-2-8-9_vs_7,0.9913279098244758,0.010909537499605465,0.35872080056699873,,0.0,,0.8183738120380148,,0.5311510031678986,,0.07391763463569166,0.31045552220811967,0.1250141705243038,0.0454065469904963,0.20830413222121155,0.021119324181626188,0.1438580957354632,0.008064516129032258,0.023218896508083432,0.9542834650410511,0.030703173568781605,,0.03167898627243926,,0.03062302006335793,,0.008447729672650475,0.007391763463569166,0.875,0.20274324080637818,0.9346392029356525,0.7954551035762205,0.5319657971726045,0.683849785007663,0.10734083351270104
shuttle-c2-vs-c4,0.8862602023932982,0.2515897440515072,0.006208975115093244,,0.0,,0.0,,0.0,,0.031007751937984496,0.033133881095676415,0.07785276563423903,0.007751937984496124,0.08804509063256238,0.0,0.0,0.16666666666666666,0.2569039498426307,0.4619313743164474,0.0,,0.0,,0.0,,0.06976744186046512,0.015503875968992248,0.2222222222222222,0.2713895875081111,0.9026706231454006,0.8288517441860466,0.2367809683114952,0.9550073275316713,0.11824541472241684
glass5,0.9765298336753182,0.03147664458516035,0.1334504036606919,,0.0,,0.14018691588785048,,0.0,,0.07476635514018691,0.1972926251506968,0.12220768248964536,0.037383177570093455,0.19014368892677436,0.02336448598130841,0.15141240468177825,0.05263157894736842,0.1341359560866013,0.6342475325355926,0.0034082004874986804,,0.014018691588784993,,0.009345794392523366,,0.04205607476635514,0.02336448598130841,0.5555555555555556,0.25164107326284196,0.9123640336294114,0.7999648984248169,0.4623848321023376,0.8387002447668331,0.16719537828349545
yeast4,0.9803238366280821,0.032266027457317034,0.20242073209432607,,0.0,,0.9083557951482479,,0.6886792452830188,,0.0646900269541779,0.27630780806236915,0.11826109561798681,0.04043126684636118,0.1970348709843741,0.018194070080862535,0.13369776028189206,0.005952380952380953,0.034994204550199824,0.900230490914771,0.0332232534138337,,0.034366576819407024,,0.03301886792452835,,0.005390835579514825,0.0047169811320754715,0.875,0.21583811252498053,0.9289106994343632,0.7996566659335906,0.5180223852492355,0.6689173048886073,0.1060407785727114
ecoli4,0.9312010539149641,0.08914407021336647,0.18270662024736598,0.22065606233761634,0.0,0.0,0.1847346733460582,0.20711304491398236,0.005103716617398115,0.004614698394584369,0.044642857142857144,0.241805319351534,0.10817334782661615,0.03273809523809524,0.1782157082409509,0.020833333333333332,0.14303915200033565,0.02857142857142857,0.08884754763838565,0.7965649801587301,0.02929412984438262,0.03955961532481852,0.035406746920428445,0.04808473915876861,0.01726121979286536,0.02462036006367623,0.020833333333333332,0.01488095238095238,0.7142857142857143,0.23823076959200246,0.8954121233523353,0.8228322672352524,0.38085974845649506,0.8505089889638265,0.12987055037017267
vowel0,0.9510097044682996,0.07531144626681867,0.10550966313808928,,0.01816130499560134,,0.5961538461538461,,0.09210526315789473,,0.024291497975708502,0.12297487026330733,0.058120267826093336,0.0,0.0,0.019230769230769232,0.1374047164914606,0.02,0.057060125023888866,0.8589910914783065,0.01314514460380678,,0.028340080971659964,,0.011133603238866363,,0.013157894736842105,0.005060728744939271,0.38461538461538464,0.44010801431016283,0.8015479359217389,0.8432907145113192,0.24126599980323693,0.7441579507476803,0.2871260934818831
glass2,0.9917266822841961,0.010803919723168317,0.3733127542808097,,4.855760902243541e-07,,0.5373831775700935,,0.16822429906542055,,0.17757009345794392,0.3187089687742933,0.14607471084420115,0.09813084112149532,0.2981889965037424,0.04672897196261682,0.21155261368879985,0.018867924528301886,0.0394912692207373,0.9125906192680584,0.07358095548924082,,0.07943925233644855,,0.07009345794392519,,0.04205607476635514,0.02336448598130841,0.5555555555555556,0.40020027269011,0.8286868893549542,0.8172963011715151,0.440739081873898,0.8226985459691072,0.20436262388424767
page-blocks-1-3_vs_4,0.8819127265924719,0.138416241548193,0.05188117188094898,,4.757376786989897e-06,,0.17372881355932202,,0.059322033898305086,,0.01694915254237288,0.09916120804161903,0.097812510663888,0.00211864406779661,0.046028730894916166,0.0211864406779661,0.14415826106016372,0.049999999999999996,0.13822538578836469,0.7348014220051708,0.02666772854489463,,0.029661016949152574,,0.01906779661016944,,0.0211864406779661,0.00423728813559322,0.2,0.3247477475036633,0.874373484236055,0.8198387851308071,0.33662233415877896,0.9162899729096451,0.13985687881990289
ecoli-0-1-3-7_vs_2-6,0.9258789393818613,0.15962725292632773,0.022466948220659567,,0.0,,0.20640569395017794,,0.0071174377224199285,,0.03914590747330961,0.20733001245892121,0.11650922804660373,0.02491103202846975,0.15613207293598666,0.014234875444839857,0.11866911528370208,0.07142857142857142,0.18523472492180057,0.6205341877635795,0.00855066331883747,,0.007117437722419906,,0.007117437722419906,,0.02491103202846975,0.017793594306049824,0.7142857142857143,0.16819046546794553,0.9489384359400999,0.8005592272496187,0.46457743949225994,0.7210154903808255,0.09365656933899964
yeast-0-5-6-7-9_vs_4,0.9710409319765819,0.06113092155718073,0.22001607662661818,,0.0,,0.9223484848484849,,0.7140151515151515,,0.14583333333333334,0.33440230827035894,0.12261704500158158,0.08901515151515152,0.28503566100269057,0.04924242424242424,0.21657895988023074,0.007575757575757576,0.030828879232877176,0.9115480084940313,0.0652952971829146,,0.08333333333333337,,0.09848484848484851,,0.015151515151515152,0.013257575757575758,0.875,0.45809492436759114,0.7885803676183027,0.8273747915588523,0.4494088474910337,0.6496527277591768,0.15798516487189732
yeast-1-4-5-8_vs_7,0.9946390964261934,0.004830457470360185,0.5366278660758347,,0.0,,0.8282828282828283,,0.5916305916305916,,0.10966810966810966,0.3478044628987063,0.10699781017901408,0.06349206349206349,0.2440220223832658,0.020202020202020204,0.14079240917557317,0.0070921985815602835,0.021395169905626628,0.9589421321023053,0.04149256496631437,,0.04329004329004327,,0.025974025974025983,,0.011544011544011544,0.010101010101010102,0.875,0.25717870992523495,0.9096871743527921,0.8105956342950562,0.5072405366554129,0.6131282750471547,0.13910808175812386
yeast5,0.958106113363833,0.06013544068673996,0.10522241615724709,,0.0,,0.11725067385444743,,0.05121293800539083,,0.03032345013477089,0.17467018129312298,0.10899462264188563,0.016172506738544475,0.12618116207671798,0.009433962264150943,0.09670193385342667,0.012987012987012988,0.1014004318119194,0.43824469089878737,0.014910533405866455,,0.02358490566037741,,0.018867924528301883,,0.005390835579514825,0.0047169811320754715,0.875,0.19263154243295103,0.9389458915672867,0.7963241989629094,0.5197521141007451,0.6651901150096028,0.1051244644763862
glass4,0.9513491328731463,0.05462707151700056,0.09877088873378029,,0.003687155281388181,,0.2850467289719626,,0.028037383177570093,,0.08411214953271028,0.17722012782253407,0.12659991446988184,0.037383177570093455,0.19014368892677436,0.014018691588785047,0.11784337351691905,0.04,0.13716949920204616,0.5408987684513931,0.038087785209562464,,0.051401869158878455,,0.04672897196261683,,0.04205607476635514,0.02336448598130841,0.5555555555555556,0.33040574218246066,0.8711856051269411,0.8008424378043965,0.4554190758282627,0.8286811196101406,0.20033500733749157
glass-0-1-6_vs_2,0.9919357176773896,0.009120971885083132,0.3806951806198368,,2.375155674384908e-06,,0.5833333333333333,,0.18229166666666666,,0.1875,0.3375802657444645,0.14925279282095,0.109375,0.31292510352934,0.052083333333333336,0.22277599702763748,0.017857142857142856,0.03639546992250864,0.9271647135416666,0.0813401826182707,,0.08854166666666663,,0.078125,,0.046875,0.020833333333333332,0.4444444444444444,0.4315832670132743,0.807530568674387,0.824934554973822,0.4601545055565537,0.8611864349327782,0.16290393214921303
glass-0-1-2-3_vs_4-5-6,0.8396689096744676,0.20359458124484742,0.06499084620144208,,0.007184653323780449,,0.383177570093458,,0.0,,0.09813084112149532,0.22351586519085023,0.1334983244989337,0.04672897196261682,0.21155261368879985,0.028037383177570093,0.16546669949837445,0.03125,0.0996051693659778,0.7092759192942615,0.03480554391621404,,0.05607476635514019,,0.032710280373831724,,0.04205607476635514,0.02336448598130841,0.5555555555555556,0.7922315584562315,0.43003085361672955,0.8120749418630161,0.42788182944269304,0.8719233744670927,0.25227949031486047
ecoli3,0.9276672713806108,0.07951841160614544,0.1569880619083603,,0.0,,0.46130952380952384,,0.23809523809523808,,0.13988095238095238,0.25531179322429814,0.15537739988051139,0.09821428571428571,0.2980480206296954,0.041666666666666664,0.20012433945870026,0.01639344262295082,0.07668263766983353,0.72703195861678,0.04717143697510473,,0.06845238095238093,,0.038690476190476164,,0.020833333333333332,0.01488095238095238,0.7142857142857143,0.48206614808309317,0.7705442902881536,0.8311300639658848,0.38722723365473244,0.8857778672699864,0.1565043744228652
glass1,0.9821128985083241,0.024309713230339,0.5907449331913716,,0.008188072304346187,,0.897196261682243,,0.6542056074766355,,0.3177570093457944,0.35348800818357917,0.15365189281125088,0.17289719626168223,0.379045030203114,0.08878504672897196,0.285100131591632,0.009900990099009901,0.017944011982764303,0.9571359944099922,0.2020531921401585,,0.3457943925233645,,0.3130841121495327,,0.04205607476635514,0.02336448598130841,0.5555555555555556,0.9385750889380636,0.1548751007252216,0.8632354876925102,0.3708173780548928,0.8498539820222833,0.24624600578449615
ecoli1,0.8812772040289159,0.18899495618683726,0.24980507442744077,0.27978425050830347,0.0,0.0,0.29999984685392983,0.3004531424269839,0.1803856352049123,0.270136925885161,0.2113095238095238,0.34353166236136,0.13550323189527058,0.13690476190476192,0.344259451587182,0.10416666666666667,0.3059322267483177,0.009615384615384616,0.02694490493257316,0.9264898667800454,0.035537437807024196,0.02067664708613369,0.05574545668253835,0.043830562989881965,0.029880760469783236,0.02515811810854834,0.020833333333333332,0.01488095238095238,0.7142857142857143,0.5458968795808069,0.5661597223433386,0.8444207533759772,0.3624002188938722,0.8965113191634749,0.16016037001552422
vehicle1,0.9192443796299102,0.05637394601784246,0.19733459999611258,0.195857927133492,0.05650712988775966,0.09727796872520902,0.9467691650842514,0.0021904763493392904,0.619915164357547,0.11442612109440903,0.42671394799054374,0.43398903444036674,0.10973452396337437,0.2978723404255319,0.4575936160083064,0.19030732860520094,0.3927757691681556,0.0017513134851138354,0.0030778118197152906,0.9888712841406367,0.06087834497414476,0.06758634490090629,0.13161298075011194,0.14852204659399243,0.10564058615645185,0.14890560408821935,0.02127659574468085,0.001182033096926714,0.05555555555555555,0.9507463868971654,0.09168247150859732,0.9078265978429645,0.3549166785743971,0.8600943005293762,0.18213646651444118
wisconsin,0.46844871922956294,0.15517930761422552,0.040686917008972506,,0.2168594444162193,,0.8784773060029283,,0.7569546120058566,,0.06149341142020498,0.1687729739385758,0.17634242984112386,0.029282576866764276,0.16872103189035942,0.016105417276720352,0.12597328075143038,0.012658227848101266,0.06978687478739702,0.6517109728203666,0.022169088812333038,,0.027818448023426035,,0.01171303074670571,,0.013177159590043924,0.010248901903367497,0.7777777777777778,0.9340026588217948,0.16528551819615578,0.8153050840908017,0.4474337152559761,0.7809207545211251,0.3206906548457803
vehicle3,0.9192443796299102,0.05637394601784246,0.19733459999611258,0.195857927133492,0.05650712988775966,0.09727796872520902,0.9467691650842514,0.0021904763493392904,0.619915164357547,0.11442612109440903,0.42671394799054374,0.43398903444036674,0.10973452396337437,0.2978723404255319,0.4575936160083064,0.17966903073286053,0.3841386388792543,0.0017513134851138354,0.0030778118197152906,0.9888712841406367,0.06087834497414476,0.06758634490090629,0.13161298075011194,0.14852204659399243,0.09874012304890016,0.12859523575529186,0.02127659574468085,0.001182033096926714,0.05555555555555555,0.9507463868971654,0.09168247150859732,0.9078265978429645,0.3549166785743971,0.8600943005293762,0.18213646651444118
iris0,0.37288667622793903,0.23301686754479184,0.022438110152254845,,0.0,,0.0,,0.0,,0.013333333333333334,0.07402720929015759,0.04185862669106928,0.0,0.0,0.0,0.0,0.33666666666666667,0.4666904755831213,0.48177777777777775,0.0,,0.0,,0.0,,0.02666666666666667,0.013333333333333334,0.5,0.9182958340544894,0.19999999999999996,0.8160178970917226,0.3152797450424929,0.7995401993441348,0.2679971200088845
vehicle2,0.8788476425659999,0.07956418287786571,0.05923503790805223,0.014842166457120396,3.082314116542467e-05,4.3536395540403705e-05,0.6468639671709382,0.1801256254743226,0.11095056486068516,0.1263392119025446,0.13356973995271867,0.3636375664962032,0.08899509727934096,0.061465721040189124,0.24032468792925968,0.07801418439716312,0.2683525540957064,0.002325581395348837,0.005612403683885453,0.9701892929597773,0.0064688521339530585,0.0038870933782109516,0.015183844359357454,0.0060400817864933445,0.005539412718287469,0.0014499786365085668,0.02127659574468085,0.001182033096926714,0.05555555555555555,0.9405320555775728,0.11050132863083428,0.8972008896722481,0.27884225936747253,0.8138971295977458,0.2982437363992011
pima,0.941686619121275,0.07013607469522974,0.3435590782814175,,0.2515956493264203,,0.9934895833333334,,0.9778645833333334,,0.4361979166666667,0.4541916059369013,0.09824326888359237,0.3020833333333333,0.4594604094843525,0.11848958333333333,0.32339755972860723,0.0018939393939393938,0.0032950689883605054,0.9893815782335069,0.14738359149421065,,0.2265625,,0.16015625,,0.010416666666666666,0.0026041666666666665,0.25,0.9331343166407832,0.16724669384508295,0.8690311277705345,0.4762263891766024,0.6799208718871429,0.2768371128485978
yeast3,0.955531406887008,0.10497288750552487,0.1345854313139357,,0.0,,0.4588948787061995,,0.3450134770889488,,0.09973045822102426,0.30914764147038637,0.12414464183231817,0.06199460916442048,0.24122704972521714,0.022911051212938006,0.1496704049363014,0.003389830508474576,0.013531570516152131,0.9578931786313671,0.04379900620081667,,0.05188679245283023,,0.04312668463611857,,0.005390835579514825,0.0047169811320754715,0.875,0.49942795375239024,0.7569182833693646,0.8158228112680459,0.4966700814410392,0.736479421506903,0.12925415708129878
page-blocks0,0.956540868577677,0.05997264887455988,0.19926149271399185,,3.9920101462442374e-05,,0.9901315789473685,,0.9766081871345029,,0.06396198830409357,0.16668464093602317,0.13437487771941495,0.03271198830409357,0.17789799800945413,0.043859649122807015,0.20480147812336363,0.0022282209634699604,0.01837795228528796,0.9306222494207619,0.046530475827197715,,0.046052631578947345,,0.042580409356725135,,0.001827485380116959,0.0003654970760233918,0.2,0.4757942880021085,0.7753487620679712,0.8230106296784427,0.4034065540450822,0.8879137768885557,0.17344005461999165
glass6,0.8394017266178327,0.1807960362383513,0.04536738334151527,,0.01394712569285524,,0.383177570093458,,0.0,,0.07476635514018691,0.2118418957611411,0.1168106665405163,0.028037383177570093,0.16546669949837445,0.018691588785046728,0.13575097410763884,0.043478260869565216,0.11595630311931454,0.6912175735872128,0.028103511605858,,0.032710280373831724,,0.01869158878504673,,0.04205607476635514,0.02336448598130841,0.5555555555555556,0.5723687665216266,0.6940055894598757,0.804615857136589,0.46037346225741105,0.818978395283131,0.21756384972838844
ecoli2,0.9163807606964584,0.11867144459016044,0.2554896936080159,0.22952134624295062,0.00014668279930933376,0.00025406206100019507,0.3952641552123989,0.3466832147909053,0.1538124328299112,0.22792099948870612,0.125,0.3178520020256892,0.12344338524019517,0.08333333333333333,0.27679760732868625,0.06845238095238096,0.25289721372670765,0.014925373134328358,0.03980351960241308,0.9139650651927438,0.043963590311531076,0.026220273997205785,0.05661680928947177,0.03739527627922949,0.022695409404216476,0.011799080621209134,0.020833333333333332,0.01488095238095238,0.7142857142857143,0.44915540636739915,0.7112689857912788,0.8376687988628287,0.3623129010243903,0.8085789785443657,0.21991037585221937
haberman,0.9710414601069647,0.04619647426023505,0.6654076870041241,,0.7177068214804064,,0.9705882352941176,,0.9673202614379085,,0.5098039215686274,0.39866398845524326,0.2608820867381235,0.3366013071895425,0.473321245222115,0.20915032679738563,0.4073681183955597,0.0063009953436712375,0.009387323013793006,0.9858281003033021,0.1723929674639354,,0.2679738562091504,,0.24836601307189543,,0.00980392156862745,0.00980392156862745,1.0,0.833764907210665,0.3626062322946175,0.8819672131147541,0.4093251611329669,0.8221696808666177,0.16004470862636952
segment0,0.9623931061215842,0.05174667198590661,0.07587858589833721,,8.540589644519507e-14,,0.26559792027729634,,0.0,,0.006932409012131715,0.11036116635194952,0.10024370481753993,0.0017331022530329288,0.04160346793226826,0.012998266897746967,0.11329109846862179,0.01282051282051282,0.045873214183309016,0.8688768851617011,0.0015985582759286965,,0.0017331022530329143,,0.0008665511265164572,,0.008232235701906412,0.0017331022530329288,0.21052631578947367,0.5908722132313053,0.6764509593552981,0.8532888000426702,0.24759834796284563,0.85033794421381,0.18394478169869063
yeast1,0.9639390002530799,0.03688357897999807,0.4416617694255394,,0.0,,0.9642857142857143,,0.9144204851752021,,0.42587601078167114,0.41475002785038245,0.1468113794595688,0.28369272237196763,0.4509414471153671,0.16981132075471697,0.37559352640869026,0.0010869565217391304,0.002538932080054999,0.9936674028814089,0.15662645398799724,,0.24865229110512133,,0.2493261455525606,,0.005390835579514825,0.0047169811320754715,0.875,0.8675344733326951,0.30212494969415593,0.8655789877370305,0.4855656072069535,0.8668151085527787,0.14535860268564252
vehicle0,0.9158691189710682,0.08659783783387175,0.08189017978754112,,0.00010256459730389168,,0.5425531914893618,,0.2553191489361702,,0.08274231678486997,0.3025785732546161,0.11653635861338751,0.0425531914893617,0.2019669113047771,0.03546099290780142,0.18505131293096655,0.0036101083032490976,0.019029167036591757,0.894298855970804,0.010607000903175123,,0.027186761229314405,,0.005910165484633523,,0.02127659574468085,0.001182033096926714,0.05555555555555555,0.7870083329339703,0.43801750289168717,0.8604249723725992,0.33089801064506863,0.8083049202152098,0.27544982354313985
newthyroid2,0.7326435186399509,0.24310093750287126,0.07084011989082403,,1.1174184716701013e-05,,0.19069767441860463,,0.018604651162790697,,0.05116279069767442,0.19446521102195302,0.08745703196859031,0.013953488372093023,0.1175716034538484,0.0,0.0,0.1,0.2522252387439281,0.5447917793401839,0.0018338699136124514,,0.009302325581395321,,0.0,,0.023255813953488372,0.013953488372093023,0.6,0.6409441847875287,0.625278810408922,0.8087372310367311,0.42341068329369413,0.8756791411699002,0.2069861554854958
glass0,0.9530977916584851,0.06952726090111076,0.3781234400336299,,6.27877712131448e-05,,0.7102803738317758,,0.5327102803738317,,0.3317757009345794,0.3522794964976624,0.15623352364798032,0.18691588785046728,0.39075804796172864,0.13551401869158877,0.3430742912054497,0.010416666666666666,0.023686702590019645,0.9442527731679623,0.12355002061350306,,0.22429906542056077,,0.16355140186915884,,0.04205607476635514,0.02336448598130841,0.5555555555555556,0.9119388957757234,0.2136058667498829,0.8577069896011583,0.388661606989237,0.8386986753817482,0.22005756810012153
new-thyroid1,0.7326435186399509,0.24310093750287126,0.07084011989082403,,1.1174184716701013e-05,,0.19069767441860463,,0.018604651162790697,,0.05116279069767442,0.19446521102195302,0.08745703196859031,0.013953488372093023,0.1175716034538484,0.004651162790697674,0.06819943394704735,0.1,0.2522252387439281,0.5447917793401839,0.0018357292498476507,,0.009302325581395321,,0.0,,0.023255813953488372,0.013953488372093023,0.6,0.6409441847875287,0.625278810408922,0.8087372310367311,0.42341068329369413,0.8756791411699003,0.2069861554854958
ecoli-0_vs_1,0.6844549841656483,0.324503928789207,0.1470550076993961,0.17154814544410754,0.0007712372849585846,0.0013358221622397448,0.1438926300037411,0.12429825066955702,0.03105844772511439,0.046009572354893856,0.1,0.29506276055245184,0.12001535682776093,0.06818181818181818,0.25263246651654186,0.013636363636363636,0.11624040018478217,0.02857142857142857,0.07512403799582099,0.8457851239669422,0.023782337958596227,0.013129092945337515,0.03195775417997641,0.015813417795011813,0.024209329764885323,0.02192852218762394,0.031818181818181815,0.01818181818181818,0.5714285714285714,0.6648386838170693,0.34008773762272826,0.8198837691988377,0.41919971309649307,0.83803086286347,0.2420617448723862
